{
    "__comment": "Made with TheDestruc7i0n's advancements generator: https://advancements.thedestruc7i0n.ca",
    "display": {
        "title": {
            "text": "Test Adv 1",
            "color": "dark_gray",
            "bold": true,
            "italic": false,
            "strikethrough": false,
            "obfuscated": false
        },
        "description": {
            "text": "Reach Height 1000",
            "color": "white",
            "bold": false,
            "underlined": false
        },
        "icon": {
            "item": "minecraft:stone"
        },
        "frame": "task",
        "show_toast": true,
        "announce_to_chat": true,
        "hidden": false,
        "background": "minecraft:textures/gui/advancements/backgrounds/stone.png"
    },
    "criteria": {
        "height": {
            "trigger": "minecraft:location",
            "conditions": {
                "position": {
                    "y": {
                        "min": 1000,
                        "max": 1000
                    }
                }
            }
        }
    }
}